"id";"geohash";"lat";"lon";"descr"
1;"u2j70yt0";45.5631;18.6728;"Hardware Store"
2;"u2j71jep";45.5588;18.6811;"Sandwich Place"
3;"u2j71n50";45.5604;18.6811;"General College & University"
4;"u2j70tyr";45.5602;18.6635;"Bakery"
5;"u2j70ykz";45.563;18.6725;"Hardware Store"
6;"u2j70ykx";45.563;18.6721;"Pizza Place"
7;"u2j70ykj";45.5626;18.6714;"Pub"
8;"u2j71jdu";45.5583;18.6807;"Bar"
9;"u2j71jc2";45.559;18.6787;"Clothing Store"
10;"u2j71jep";45.5588;18.6811;"College Academic Building"
11;"u2j71n4b";45.5604;18.6807;"General College & University"
12;"u2j71jg0";45.559;18.6811;"Sandwich Place"
13;"u2j71v3d";45.5566;18.712;"Pizza Place"
14;"u2j71jee";45.5582;18.6817;"Bar"
15;"u2j70psz";45.5698;18.6395;"Event Space"
16;"u2jk8egn";45.8127;18.6591;"none"
17;"u2jk8efy";45.8127;18.6587;"none"
18;"u2j71mf1";45.5592;18.6907;"College Science Building"
19;"u2j70j48";45.5549;18.6364;"Pharmacy"
20;"geohash";0.0;0.0;"closest_category_name"
21;"gc4nc3kn";51.8195;-8.3769;"none"
22;"gc4nc3kp";51.8197;-8.3769;"none"
23;"u0u6k7ke";49.6327;6.1697;"Miscellaneous Shop"
24;"u0u6x350";49.6638;6.2995;"Dog Run"
25;"u0u6qqvy";49.6525;6.2593;"Veterinarian"
26;"u0u6k7ks";49.6329;6.1697;"Miscellaneous Shop"
27;"u0u6k7s3";49.6337;6.1693;"Fast Food Restaurant"
28;"u0u6k7km";49.6331;6.1693;"Dessert Shop"
29;"u0u6qcd1";49.6228;6.2761;"none"
30;"u0u6x2gp";49.6636;6.2995;"Dog Run"
31;"u0u6y27r";49.7048;6.2559;"Furniture / Home Store"
32;"u0u6y27w";49.7046;6.2562;"Hardware Store"
33;"u0u6x35k";49.6645;6.2998;"Restaurant"
34;"u0u6k7ke";49.6327;6.1697;"Newsstand"
35;"u0u6k7ks";49.6329;6.1697;"Salon / Barbershop"
36;"u0u6k7kg";49.6327;6.17;"Smoke Shop"
37;"u0vugesz";50.0742;8.2464;"Bar"
38;"u0vugesv";50.0739;8.2464;"Convention Center"
39;"u0vugs59";50.0759;8.2447;"Pizza Place"
40;"u0vugesy";50.0741;8.2464;"Bar"
41;"u0vugesy";50.0741;8.2464;"Hotel"
42;"u0vugesx";50.0742;8.2461;"Breakfast Spot"
43;"u0vugskd";50.0775;8.2461;"Train Station"
44;"u0vugsk3";50.0773;8.2458;"Train Station"
45;"u0vugsm5";50.0777;8.2468;"Office"
46;"u0vugsks";50.0778;8.2461;"Café"
47;"u0u6k7ke";49.6327;6.1697;"Smoke Shop"
48;"u0u6k7sd";49.6339;6.1697;"Italian Restaurant"
49;"u0u6qnsw";49.6511;6.2466;"Shopping Mall"
50;"u0u6mww3";49.6502;6.227;"Italian Restaurant"
51;"u0u67ef8";49.6349;6.134;"Mediterranean Restaurant"
52;"u0u6x34b";49.6638;6.2991;"Dog Run"
53;"u0u6qpgd";49.6573;6.2452;"none"
54;"u0u6k7s1";49.6337;6.169;"Fast Food Restaurant"
55;"u0u6k7m4";49.6325;6.1704;"Seafood Restaurant"
56;"u0u6k7ef";49.6339;6.1687;"Salon / Barbershop"
57;"u0u6k7km";49.6331;6.1693;"Women's Store"
58;"u0u6k7eb";49.6336;6.1687;"Clothing Store"
59;"u0u6k7s3";49.6337;6.1693;"Steakhouse"
60;"u0u6x2gr";49.6636;6.2998;"Dog Run"
61;"u0u1x7up";49.5043;5.9493;"Social Club"
62;"u0u6k7s6";49.6339;6.1693;"Fast Food Restaurant"
63;"u0u6qpg9";49.6571;6.2452;"none"
64;"u0u1x763";49.5005;5.9469;"Burger Joint"
65;"u0u1x74w";49.5;5.9472;"Concert Hall"
66;"u0u6k7ks";49.6329;6.1697;"Newsstand"
67;"gcpuuvre";51.4894;-0.1324;"Government Building"
68;"gcpvn1d5";51.5128;-0.085;"Cemetery"
69;"gcpuu2xz";51.464;-0.154;"none"
70;"gcpuuy12";51.493;-0.1409;"Chinese Restaurant"
71;"gcpvj1mr";51.5121;-0.1245;"Clothing Store"
72;"gcpvhewk";51.5239;-0.1451;"Outdoor Sculpture"
73;"gcpuuvr6";51.4892;-0.1327;"Government Building"
74;"u6dc451r";59.2561;15.207;"Farm"
75;"u6dc4538";59.2562;15.2073;"Farm"
76;"u6dc4phb";59.2768;15.2118;"Office"
77;"u6dc4pj2";59.2768;15.2125;"Office"
78;"u6dc4phb";59.2768;15.2118;"Government Building"
79;"u6dc1f8c";59.2523;15.1953;"Gym / Fitness Center"
80;"u6dc451x";59.2561;15.2073;"Farm"
81;"u6dc4ju2";59.27;15.2111;"Shoe Store"
82;"u6dc4ju2";59.27;15.2111;"Coffee Shop"
83;"u6dfmfft";59.4741;15.3735;"none"
84;"u6dc1q3g";59.2732;15.1747;"Grocery Store"
85;"u6dc1f2w";59.2518;15.195;"Gym / Fitness Center"
86;"u6dc4nvr";59.2767;15.2125;"Government Building"
87;"u6dc4nvq";59.2765;15.2125;"Government Building"
88;"u6dc4pj4";59.2772;15.2121;"Office"
89;"u6dc4nux";59.2767;15.2114;"Government Building"
90;"u6dc1spc";59.2605;15.1939;"Water Park"
91;"u6dc1spf";59.2607;15.1939;"Water Park"
92;"u6dc1gru";59.2569;15.2049;"Farm"
93;"u6dc4ub7";59.265;15.2386;"Gym"
94;"u6dc4nuz";59.2767;15.2118;"Government Building"
95;"u6dc4t94";59.2689;15.2286;"Residential Building (Apartment / Condo)"
96;"u6dc4t96";59.2689;15.2289;"Residential Building (Apartment / Condo)"
97;"u6dc4t94";59.2689;15.2286;"Medical Center"
98;"u6dc4qcy";59.2765;15.2186;"Gym / Fitness Center"
99;"u6dc4my8";59.27;15.2252;"Grocery Store"
100;"u6dc4t93";59.2688;15.2289;"Residential Building (Apartment / Condo)"
101;"u6dc4t91";59.2688;15.2286;"Residential Building (Apartment / Condo)"
102;"u6dc4t96";59.2689;15.2289;"Medical Center"
103;"u6dc1mec";59.2688;15.1774;"Tech Startup"
104;"u6dc4t2e";59.2677;15.2279;"Factory"
105;"u6dc4ph8";59.2768;15.2114;"Office"
106;"u6dc4ph9";59.277;15.2114;"Office"
107;"u6dc4nzk";59.2761;15.2152;"Thai Restaurant"
108;"u6dc4532";59.2562;15.207;"Farm"
109;"u6dc4pp0";59.2768;15.2149;"Bike Shop"
110;"u6dc4pjt";59.2777;15.2128;"Gym"
111;"u6dc4ub6";59.2648;15.2386;"Gym"
112;"u6dc452c";59.2564;15.2063;"Farm"
113;"u6dc4mjy";59.2669;15.2241;"Fast Food Restaurant"
114;"u6dc4mpd";59.2662;15.2265;"Hockey Arena"
115;"u6dc4u2n";59.2627;15.2382;"Grocery Store"
116;"u6dc4nrn";59.2737;15.2149;"Restaurant"
117;"u6dc4pj1";59.277;15.2121;"Office"
118;"u6dc4pj0";59.2768;15.2121;"Government Building"
119;"u6dc4pj9";59.277;15.2128;"Automotive Shop"
120;"u6dc47j1";59.255;15.2231;"Elementary School"
121;"u6dc4nh2";59.2713;15.2111;"Kitchen Supply Store"
122;"sr2yk77p";41.899;12.4958;"Italian Restaurant"
123;"sr2vzye5";41.8283;12.6496;"none"
124;"sr2vzydc";41.828;12.6492;"Plaza"
125;"sr3jb457";41.8036;12.6609;"none"
126;"sr3jb456";41.8034;12.6609;"none"
127;"sr3jb7wv";41.8122;12.6767;"Pool"
128;"sr2yp1pt";41.8424;12.6228;"Sporting Goods Shop"
129;"sr2yp1ms";41.8436;12.62;"Sporting Goods Shop"
130;"sr3jb4cx";41.8084;12.6585;"none"
131;"sr2yk7en";41.9002;12.4958;"Italian Restaurant"
132;"sr2yk7e3";41.8994;12.4961;"Hotel"
133;"sr2yk77n";41.8989;12.4958;"Italian Restaurant"
134;"sr2ykk69";41.9035;12.4951;"Bookstore"
135;"sr2yk7z0";41.9006;12.5012;"Jewelry Store"
136;"sr2yk77n";41.8989;12.4958;"Bookstore"
137;"sr2yk76z";41.899;12.4954;"Italian Restaurant"
138;"sr3jb1gx";41.8029;12.6612;"none"
139;"sr2yk7zj";41.9014;12.5012;"Metro Station"
140;"sr2vzphr";41.8317;12.6183;"Italian Restaurant"
141;"sr2vzphx";41.8317;12.6187;"Italian Restaurant"
142;"sr2yk7d1";41.8994;12.4944;"Italian Restaurant"
143;"sr2yk77r";41.899;12.4961;"Italian Restaurant"
144;"sr2yk6cs";41.8958;12.4937;"Bistro"
145;"sr3jbe29";41.8101;12.6791;"Beer Bar"
146;"sr3jb6v9";41.8074;12.675;"Pub"
147;"sr3jwfs1";41.762;12.9586;"Cafeteria"
148;"sr3jwfkd";41.7608;12.9592;"Lingerie Store"
149;"sr3j8pq2";41.788;12.665;"High School"
150;"sr3jb6ke";41.805;12.6736;"none"
151;"sr2vzydf";41.8281;12.6492;"Plaza"
152;"sr2vzyeh";41.8285;12.6496;"none"
153;"sr2y6sk8";41.9033;12.4209;"Café"
154;"sr2y6shx";41.9031;12.4209;"Café"
155;"sr2tybuh";41.7969;12.2554;"Airport Gate"
156;"u09yf95j";49.0055;2.5751;"General Travel"
157;"u09wj0cj";48.8723;2.3307;"Office"
158;"u09tuc7c";48.8304;2.3234;"Hotel"
159;"u09tsqw6";48.8154;2.3049;"Comedy Club"
160;"u09tsw8x";48.8163;2.308;"Government Building"
161;"u09tuc7c";48.8304;2.3234;"Motorcycle Shop"
162;"u09tubj8";48.8233;2.3258;"Brasserie"
163;"u09tyj6z";48.8534;2.377;"Women's Store"
164;"sr2xs8n6";42.1;12.1596;"Tanning Salon"
165;"sr2xt0kd";42.1014;12.1792;"University"
166;"sr2xsbrh";42.1018;12.1717;"Mobile Phone Shop"
167;"sr2xsbqf";42.1014;12.1713;"African Restaurant"
168;"sr2xsbqs";42.1018;12.171;"Snack Place"
169;"sr2xsbqu";42.1018;12.1713;"Snack Place"
170;"sr2xs9tg";42.1085;12.159;"Gym"
171;"sr2xy71b";42.1601;12.2304;"Restaurant"
172;"sr2ykpju";41.9191;12.4885;"Science Museum"
173;"sr2ykpjy";41.9195;12.4885;"Science Museum"
174;"sr2y563x";41.8496;12.4497;"Post Office"
175;"sr2xsbrq";42.1021;12.172;"Mobile Phone Shop"
176;"u2edhzh9";48.2028;16.387;"Concert Hall"
177;"u2edjn9q";48.2009;16.3935;"Trattoria/Osteria"
178;"u2edhzh9";48.2028;16.387;"Hotel"
179;"u2edjeyk";48.1854;16.4223;"Gastropub"
180;"u2edjevw";48.1858;16.4213;"Italian Restaurant"
181;"u1705342";52.0368;4.3648;"Lake"
182;"u25k6rus";45.7904;15.9255;"Medical Center"
183;"u25kt19v";45.8002;16.0426;"Coffee Shop"
184;"u25kt1f0";45.8007;16.043;"Grocery Store"
185;"u25kdgxu";45.811;15.952;"Café"
186;"u25ket61";45.8201;15.977;"Cosmetics Shop"
187;"u25k6rej";45.7892;15.9235;"Bar"
188;"u25kgw7m";45.8702;15.9788;"Trail"
189;"u25kt1dn";45.8004;16.043;"Coffee Shop"
190;"u25k6rue";45.7902;15.9255;"Medical Center"
191;"u25kt19y";45.8004;16.0426;"Coffee Shop"
192;"u25kt1dn";45.8004;16.043;"Office"
193;"u25k6wg2";45.7842;15.9348;"Café"
194;"u25kd1c5";45.8012;15.9098;"Grocery Store"
195;"u25kd1c4";45.8011;15.9098;"Grocery Store"
196;"u25k7n4h";45.7808;15.9551;"Nightclub"
197;"u25k7n47";45.7806;15.9554;"Nightclub"
198;"u25k6pgz";45.7909;15.9135;"Cosmetics Shop"
199;"u25k9dvw";45.8072;15.894;"Café"
200;"u1h17p1r";50.8845;5.7587;"Hotel"
201;"u1h17p32";50.8846;5.7587;"Hotel"
202;"u1h1xbf5";50.8934;5.9685;"Office"
203;"u1h1e294";50.8919;5.7694;"none"
204;"u1h16zmn";50.8857;5.7529;"Shoe Store"
205;"u1h1gg5y";50.9502;5.7951;"Salon / Barbershop"
206;"u1h14k9n";50.8266;5.7254;"Gym / Fitness Center"
207;"u1h16znn";50.8843;5.7543;"Government Building"
208;"u1h13chd";50.8507;5.7083;"School"
209;"u1h13chc";50.8505;5.7086;"School"
210;"u1h138cj";50.8498;5.6925;"Clothing Store"
211;"u1h17p1q";50.8843;5.7587;"Hotel"
212;"u0u6k7kv";49.6331;6.17;"Salon / Barbershop"
213;"u0u65bd7";49.5737;6.1446;"none"
214;"u0u65bd3";49.5733;6.1446;"none"
215;"u0u65bdf";49.5735;6.1453;"none"
216;"u0u6k7s2";49.6336;6.1693;"Asian Restaurant"
217;"u0u6k7s0";49.6336;6.169;"Middle Eastern Restaurant"
218;"u0vugenu";50.071;8.2492;"College Library"
219;"u0u64juv";49.6028;6.0712;"Men's Store"
220;"u0u6h038";49.5718;6.1546;"Event Space"
221;"u0u65b6m";49.5726;6.1446;"none"
222;"u0u6599k";49.5793;6.1323;"Restaurant"
223;"u0u6599d";49.579;6.1326;"Restaurant"
224;"u0u6599f";49.579;6.133;"Restaurant"
225;"u0u6k7s0";49.6336;6.169;"Bagel Shop"
226;"u0u6k7s2";49.6336;6.1693;"Government Building"
227;"u0u6k7kv";49.6331;6.17;"Travel Agency"
228;"u0u65bd1";49.5733;6.1443;"none"
229;"u0u65bd6";49.5735;6.1446;"none"
230;"u0u65b6j";49.5726;6.1443;"none"
231;"sr2y7s7h";41.904;12.4628;"Dessert Shop"
232;"sr2y7s7j";41.9042;12.4628;"Dessert Shop"
233;"sr2y7s6u";41.904;12.4624;"Dessert Shop"
234;"sr2vfmsg";41.8228;12.4103;"Office"
235;"sr2vfmss";41.823;12.4099;"Office"
236;"sr2yk7e0";41.8992;12.4958;"Hotel"
237;"sr2yk7e0";41.8992;12.4958;"Café"
238;"sr2yk7e2";41.8992;12.4961;"Café"
239;"sr2yk76y";41.8989;12.4954;"Bookstore"
240;"sr2yn34s";41.8422;12.583;"none"
241;"sr2yk75p";41.8977;12.4958;"Restaurant"
242;"sr2yktp2";41.9074;12.5126;"College Classroom"
243;"sr8qgttv";43.4052;11.7634;"Rest Area"
244;"u0pxmvnb";46.302;10.809;"Resort"
245;"u0pxmvnc";46.3021;10.809;"Resort"
246;"u0pxmuyy";46.3016;10.809;"Resort"
247;"u0pxmxxn";46.3167;10.7984;"Salon / Barbershop"
248;"u0pxmuyv";46.3015;10.809;"Athletics & Sports"
249;"u0pxmuzm";46.3015;10.8097;"Athletics & Sports"
250;"u0pxmuyf";46.3009;10.809;"Athletics & Sports"
251;"u0pxn25x";46.2318;10.8265;"Plaza"
252;"u0pxmuzn";46.3016;10.8094;"Resort"
253;"spzwqf4c";44.7036;10.8475;"Italian Restaurant"
254;"sr2y4rpz";41.8757;12.4144;"Café"
255;"sr2y4x9m";41.8781;12.4164;"Hospital"
256;"sr2yk7fx";41.9018;12.4951;"Boutique"
257;"sr2yk7e0";41.8992;12.4958;"Italian Restaurant"
258;"sr2yk7d2";41.8992;12.4947;"Italian Restaurant"
259;"u15172pn";50.8458;4.3714;"Office"
260;"u151jybe";50.8385;4.4723;"Bus Stop"
261;"u2ezcunb";49.1969;16.6098;"Club House"
262;"u2ezf527";49.1933;16.6118;"Department Store"
263;"u2ezcrjg";49.2139;16.5864;"Garden"
264;"u2gb1hhq";49.2418;16.5734;"Bus Stop"
265;"u2gb17dq";49.2391;16.5816;"none"
266;"u2ezft6f";49.2041;16.6373;"Coworking Space"
267;"u2fkf4ut";50.0698;14.5083;"Parking"
268;"u2fkf4ut";50.0698;14.5083;"Government Building"
269;"u2fkf4ut";50.0698;14.5083;"Bus Stop"
270;"u2fkf4gu";50.0696;14.5073;"Parking"
271;"u2fkf5jc";50.0705;14.51;"Drugstore"
272;"u2fkf5h0";50.0703;14.5076;"Pub"
273;"u2fkf5h2";50.0703;14.508;"Pub"
274;"u2fkf5h3";50.0705;14.508;"Pub"
275;"u2s4n3j8";48.1696;17.1574;"Office"
276;"u2fhzt7j";50.0835;14.3964;"General Entertainment"
277;"u2fjpy71";50.1323;14.4074;"none"
278;"u2ezcfej";49.1895;16.6046;"Yoga Studio"
279;"u2ezcrjg";49.2139;16.5864;"none"
280;"u2ezcgyw";49.1965;16.6094;"Bar"
281;"u2fkf4uw";50.0699;14.5083;"Bus Stop"
282;"u2fkf4u2";50.0689;14.508;"Medical Center"
283;"u2fkf4gg";50.0694;14.5073;"Parking"
284;"u2fhyqjw";50.0878;14.3449;"Supermarket"
285;"u2fkf5h0";50.0703;14.5076;"Library"
286;"u2fkf5h1";50.0705;14.5076;"Pub"
287;"u2ezcgy6";49.1958;16.6091;"Vietnamese Restaurant"
288;"u2ezfpgx";49.2187;16.6163;"Restaurant"
289;"u2spqsj7";49.1095;17.168;"none"
290;"u2spqsj6";49.1093;17.168;"none"
291;"u2sr2wdg";49.1232;17.2525;"Restaurant"
292;"u2gb17s6";49.2384;16.5844;"Supermarket"
293;"u2gb1jnf";49.2466;16.5768;"Gym Pool"
294;"u2ezcgws";49.1948;16.6094;"Market"
295;"u2gb1r9p";49.2612;16.5799;"Sporting Goods Shop"
296;"u15172y7";50.8495;4.3703;"Optical Shop"
297;"u1517813";50.845;4.3745;"Sandwich Place"
298;"u150c8cr";50.7622;4.2866;"Building"
299;"u150c8cr";50.7622;4.2866;"Business Center"
300;"u150c8cp";50.7622;4.2862;"Building"
301;"u150v925";50.7643;4.4606;"none"
302;"u1511kdk";50.8263;4.2769;"Sports Bar"
303;"u1511kdm";50.8264;4.2769;"Sports Bar"
304;"u1515w0x";50.835;4.3734;"Event Space"
305;"u1515w8z";50.8378;4.3738;"Bike Shop"
306;"u1515y8t";50.8374;4.3844;"College Academic Building"
307;"u150c8cq";50.7621;4.2866;"Business Center"
308;"u150f9k1";50.764;4.3343;"Doctor's Office"
309;"u151hn8r";50.8378;4.3951;"Liquor Store"
310;"u151hn8p";50.8378;4.3947;"Health Food Store"
311;"u150c31f";50.7628;4.2763;"Doctor's Office"
312;"u150c912";50.7624;4.2866;"Building"
313;"u150ds9b";50.7377;4.3312;"Automotive Shop"
314;"u0grndu2";50.4644;4.862;"Mexican Restaurant"
315;"u0grndu0";50.4644;4.8616;"Mexican Restaurant"
316;"u0grn6es";50.4637;4.85;"Bakery"
317;"u0grn6ew";50.4641;4.85;"Bakery"
318;"u0grnesu";50.4692;4.8627;"Platform"
319;"u15176bm";50.8608;4.3621;"Platform"
320;"sxfsc8pq";44.4298;26.0917;"Government Building"
321;"sxfsexk0";44.4247;26.1751;"Salon / Barbershop"
322;"sxfseqzc";44.4221;26.1693;"Residential Building (Apartment / Condo)"
323;"sxfs6qh7";44.3744;26.1205;"Furniture / Home Store"
324;"sxfs6q4x";44.3751;26.1181;"Fast Food Restaurant"
325;"sxfserpe";44.4238;26.1689;"Preschool"
326;"sxfsc8r3";44.4303;26.0917;"Bank"
327;"sxfs9zcx";44.4286;26.0948;"Taco Place"
328;"sxft06r7";44.4856;26.0367;"Photography Lab"
329;"sxft03sd";44.4813;26.033;"Nightclub"
330;"sxfsbb7q";44.4312;26.0532;"Fast Food Restaurant"
331;"sxft2gm8";44.5345;26.0563;"none"
332;"sxft07u5";44.4939;26.0323;"Gas Station"
333;"sxfsbfpe";44.4403;26.0591;"College Lab"
334;"sxfsbfpe";44.4403;26.0591;"University"
335;"sxft06rw";44.4861;26.0371;"Dentist's Office"
336;"sxfsc8rb";44.4302;26.0924;"Hotel"
337;"sxfsbfpu";44.4405;26.0594;"University"
338;"sxft06rk";44.4858;26.0367;"Dentist's Office"
339;"sxft06r7";44.4856;26.0367;"Dentist's Office"
340;"sxft12s0";44.4755;26.0762;"BBQ Joint"
341;"sxfsc21g";44.4293;26.0731;"Performing Arts Venue"
342;"sxft06xd";44.4868;26.0371;"Casino"
343;"sxfsc8ps";44.4295;26.092;"Meeting Room"
344;"sxft07ks";44.4913;26.033;"Supermarket"
345;"sxfkz66w";44.4422;25.9863;"Residential Building (Apartment / Condo)"
346;"sxfkz66x";44.4424;25.9863;"Gym / Fitness Center"
347;"sxfkz67p";44.4424;25.987;"Gym / Fitness Center"
348;"sxfsc4f4";44.4443;26.0625;"Arts & Crafts Store"
349;"sxfs9tpe";44.4128;26.092;"Music School"
350;"sxfscb0m";44.4297;26.093;"Café"
351;"sxft3hny";44.5397;26.069;"Burger Joint"
352;"sxfmpgxz";44.4932;26.0155;"Bakery"
353;"sxfsdwr0";44.4192;26.1353;"College Gym"
354;"sxfsdwr1";44.4194;26.1353;"Elementary School"
355;"sxfsc8p9";44.429;26.092;"Government Building"
356;"sxft12s1";44.4757;26.0762;"Lingerie Store"
357;"sxft12s2";44.4755;26.0766;"BBQ Joint"
358;"sxft12s3";44.4757;26.0766;"Lingerie Store"
359;"sxfsc8pc";44.429;26.0924;"Government Building"
360;"sxfsc8pd";44.4291;26.092;"Meeting Room"
361;"sxfsdwqf";44.4195;26.1349;"Elementary School"
362;"sxfsdwr9";44.4194;26.136;"College Administrative Building"
363;"u1515xcz";50.8446;4.3751;"Sandwich Place"
364;"u1517840";50.8448;4.3755;"Sandwich Place"
365;"u0u64pmg";49.6107;6.0725;"Car Wash"
366;"u0u64yxg";49.6066;6.1082;"Gourmet Shop"
367;"u0u64yxe";49.6066;6.1079;"Gourmet Shop"
368;"u0u64yxf";49.6065;6.1082;"Gourmet Shop"
369;"u0u6k7mm";49.6331;6.1707;"Seafood Restaurant"
370;"u0u1wys7";49.5187;5.9276;"College Academic Building"
371;"u0u6h0w9";49.5733;6.1614;"Automotive Shop"
372;"u0u6x2bx";49.6636;6.296;"College Gym"
373;"u0u5j4yn";49.7623;5.8531;"Recreation Center"
374;"u1515xv9";50.8436;4.3803;"Conference Room"
375;"u15bnew6";50.6447;5.5678;"Bistro"
376;"sx0r424n";40.6066;22.9534;"Coffee Shop"
377;"sx0r4kp2";40.6275;22.9606;"College Engineering Building"
378;"sx0r424n";40.6066;22.9534;"Café"
379;"sx0r47zn";40.6272;22.9602;"College Engineering Building"
380;"sx0r421y";40.6066;22.953;"Coffee Shop"
381;"sx0r488w";40.6093;22.9623;"Salon / Barbershop"
382;"sx0r4241";40.6057;22.9534;"Supermarket"
383;"sx0r4knc";40.6277;22.9599;"College Lab"
384;"sx0r4kp2";40.6275;22.9606;"College Auditorium"
385;"sx0r4kp2";40.6275;22.9606;"College Cafeteria"
386;"sx0r1yu3";40.6428;22.9345;"Hotel"
387;"sx0r48b9";40.6099;22.9623;"Bakery"
388;"sxfsckvs";44.4556;26.0783;"General Entertainment"
389;"sxfsck73";44.4523;26.0752;"Financial or Legal Service"
390;"sxfsc8rb";44.4302;26.0924;"Office"
391;"sxfsc8r8";44.4302;26.092;"Office"
392;"sr2yqnqn";41.9153;12.5768;"Driving School"
393;"sr2ymwjk";41.9136;12.5538;"Electronics Store"
394;"sr2yqnqq";41.9153;12.5771;"Bed & Breakfast"
395;"sr2ytg4y";41.9414;12.5613;"Residential Building (Apartment / Condo)"
396;"sr2yqn14";41.9133;12.5699;"Post Office"
397;"sr2yqnmv";41.9152;12.5764;"Salon / Barbershop"
398;"sr2yk76v";41.8987;12.4954;"Church"
399;"sr2yqnqp";41.9155;12.5768;"Driving School"
400;"sr2yq576";41.8982;12.573;"Café"
401;"sr2yq57c";41.898;12.5737;"Café"
402;"sr2ymwju";41.9136;12.5545;"Supermarket"
403;"sr2yk774";41.8982;12.4958;"Church"
404;"sr2yqntk";41.9164;12.5757;"Tennis Court"
405;"sr2yk77j";41.8987;12.4958;"Church"
406;"sr2yk77h";41.8985;12.4958;"Church"
407;"sr2yk77j";41.8987;12.4958;"Italian Restaurant"
408;"sr2yh5mv";41.8547;12.4885;"Hockey Arena"
409;"sr2yh5et";41.8561;12.4855;"Farmers Market"
410;"sr2vfg4p";41.8098;12.4285;"Sports Club"
411;"sr2vfg4q";41.8096;12.4288;"Supermarket"
412;"sr2yxd63";41.9365;12.6375;"Hardware Store"
413;"sr2ymyyr";41.9183;12.5661;"Supermarket"
414;"sr2ymyyp";41.9183;12.5658;"Supermarket"
415;"sr2yqnpk";41.9136;12.5785;"Supermarket"
416;"sr2yqnh0";41.9129;12.574;"Supermarket"
417;"sr2yqnqq";41.9153;12.5771;"Driving School"
418;"sr2yqnqm";41.9152;12.5771;"Bed & Breakfast"
419;"sr2yk76c";41.898;12.4954;"Bed & Breakfast"
420;"u2j71jtr";45.5588;18.6841;"Bakery"
421;"u2j71jvb";45.559;18.6848;"College Math Building"
422;"u2j71jtx";45.5588;18.6845;"Bakery"
423;"u2jdb106";45.4893;18.9849;"none"
424;"u2j9br3s";45.3482;18.9976;"Office"
425;"u2j70vr0";45.5563;18.6756;"Camera Store"
426;"u2j701zs";45.5377;18.6433;"Automotive Shop"
427;"u2jd02kj";45.3539;19.001;"Bar"
428;"u2j71jtw";45.5587;18.6845;"Bakery"
429;"u2j71tnr";45.5561;18.7075;"College Engineering Building"
430;"u2jdb1jg";45.4895;18.9924;"Eastern European Restaurant"
431;"u2j7151v";45.5448;18.6793;"Hardware Store"
432;"u2j71jv9";45.5592;18.6845;"Bar"
433;"u2j71km1";45.551;18.6948;"Post Office"
434;"srywcyqk";44.8154;20.4763;"Dentist's Office"
435;"srywc9c7";44.7905;20.4584;"Church"
436;"srywcyqm";44.8156;20.4763;"Dentist's Office"
437;"srvr7h8n";44.894;18.7648;"none"
438;"srvr6ygs";44.906;18.7586;"Pizza Place"
439;"gc4p0wkc";51.8901;-8.4088;"Government Building"
440;"gc4p0wkb";51.8899;-8.4088;"Government Building"
441;"gc1zjy12";51.8885;-8.5345;"Housing Development"
442;"gc1zjy18";51.8885;-8.5342;"Pizza Place"
443;"gc1zprbb";51.8981;-8.4693;"Coffee Shop"
444;"gc1zjy12";51.8885;-8.5345;"College Auditorium"
445;"gc1zjy13";51.8887;-8.5345;"College Auditorium"
446;"gc4p0whw";51.8895;-8.4092;"Government Building"
447;"gc1zjv6d";51.8847;-8.5328;"Bus Stop"
448;"gc1zjv67";51.8849;-8.5331;"Bus Stop"
449;"gc1zjv66";51.8847;-8.5331;"Bus Stop"
450;"gc4p0whx";51.8897;-8.4092;"Government Building"
451;"gc4p0wk3";51.8901;-8.4095;"Government Building"
452;"gc1zhwh5";51.889;-8.5856;"Supermarket"
453;"gc4p0wm0";51.8899;-8.4085;"Government Building"
454;"gc1zjvcr";51.8883;-8.5345;"Housing Development"
455;"gc1zjv3d";51.8847;-8.5342;"College Library"
456;"gc1zjv4n";51.8841;-8.5335;"College Cafeteria"
457;"gc1zjv1v";51.8839;-8.5338;"College Cafeteria"
458;"gc1zjv3f";51.8847;-8.5338;"Student Center"
459;"gc4p0wm1";51.8901;-8.4085;"Government Building"
460;"gc1zppv0";51.8981;-8.4744;"Herbs & Spices Store"
461;"gc1zppw7";51.8973;-8.4727;"Gastropub"
462;"gc1zppt5";51.8973;-8.4744;"Furniture / Home Store"
463;"gc1zppt4";51.8971;-8.4744;"Furniture / Home Store"
464;"gc1zppt4";51.8971;-8.4744;"Pizza Place"
465;"gc1zppkm";51.8962;-8.4754;"Pub"
466;"gc1zjy12";51.8885;-8.5345;"Pizza Place"
467;"gc1zjy19";51.8887;-8.5342;"Pizza Place"
468;"gc4p0wjp";51.8897;-8.4085;"Government Building"
469;"sw8zfk6z";37.9494;23.6575;"Travel Agency"
470;"sw8zfk6z";37.9494;23.6575;"Dessert Shop"
471;"sw8zups4";37.9664;23.7361;"Medical Center"
472;"swbbh5jy";37.9864;23.7385;"Farmers Market"
473;"u0u6k7ed";49.6339;6.1683;"Clothing Store"
474;"u0u6k7m4";49.6325;6.1704;"Salad Place"
475;"u0udggx8";49.7215;6.5034;"none"
476;"u0u6k7s0";49.6336;6.169;"Bank"
477;"u0udgst5";49.7275;6.489;"Liquor Store"
478;"u0vugec3";50.0746;8.2416;"Hotel"
479;"u0vugs65";50.0777;8.2427;"Pizza Place"
480;"u0vugec1";50.0746;8.2413;"Hotel"
481;"u0yusz39";50.0499;9.7032;"Gas Station"
482;"u0yusz3e";50.0502;9.7032;"Doctor's Office"
483;"u0yutt42";50.0373;9.7372;"none"
484;"u0yutsfr";50.0372;9.7372;"none"
485;"u0yuu82p";50.0564;9.6901;"German Restaurant"
486;"u0yusz63";50.0499;9.7042;"Doctor's Office"
487;"u0yusz62";50.0497;9.7042;"Doctor's Office"
488;"u0yugwr7";50.0886;9.6561;"none"
489;"u0udyxtw";49.7445;6.6215;"Office"
490;"u0uep4rw";49.7596;6.6462;"Dentist's Office"
491;"u0uep4kb";49.7585;6.6424;"Electronics Store"
492;"u0uep0gj";49.7512;6.64;"Pub"
493;"u0uenfng";49.7577;6.6342;"Church"
494;"u0udu580";49.7215;6.5041;"none"
495;"u0udg9xc";49.7107;6.4928;"Train Station"
496;"u0u6k7kg";49.6327;6.17;"Asian Restaurant"
497;"u0uep0gn";49.7513;6.64;"Pub"
498;"u0u6k7kw";49.6332;6.1697;"Dessert Shop"
499;"u0u6m7xk";49.6343;6.2174;"Airport Gate"
500;"gcpuuyhr";51.4942;-0.1368;"Restaurant"
501;"gcpuvqwv";51.4966;-0.1114;"Gastropub"
502;"u3tjksdn";54.3862;18.4819;"none"
503;"u3tjksdp";54.3864;18.4819;"none"
504;"u3tjksdx";54.3864;18.4826;"none"
505;"u3tjwpqm";54.4451;18.5537;"University"
506;"u3tjwpqn";54.4452;18.5533;"University"
507;"u3tjwppc";54.443;18.5557;"Parking"
508;"u3tjqx43";54.3991;18.5702;"University"
509;"u3tjreer";54.3809;18.6155;"Government Building"
510;"u3tjm6wq";54.3752;18.5207;"Fast Food Restaurant"
511;"u3tjreep";54.3809;18.6151;"Government Building"
512;"u3tnjf3y";54.5057;18.5365;"Residential Building (Apartment / Condo)"
513;"u3tjreen";54.3807;18.6151;"Government Building"
514;"u3tjm6hf";54.3718;18.5187;"Coffee Shop"
515;"u3tjwqu8";54.4415;18.5623;"Gym / Fitness Center"
516;"u0u6g6nm";49.7141;6.1281;"Asian Restaurant"
517;"u0u6g6nt";49.7141;6.1285;"Asian Restaurant"
518;"u0u6k7kf";49.6325;6.17;"Shoe Store"
519;"u0u74bht";49.747;6.1038;"Cupcake Shop"
520;"u0u6gmk8";49.7311;6.1257;"Supermarket"
521;"u0u74bkk";49.7482;6.1034;"Town Hall"
522;"u0u6g6nm";49.7141;6.1281;"Cosmetics Shop"
523;"u0u67mwb";49.6446;6.1288;"Taco Place"
524;"u0u6k7m4";49.6325;6.1704;"Shoe Store"
525;"u0u65jsf";49.601;6.1151;"Skate Park"
526;"u0u6k6zb";49.6295;6.1741;"Dentist's Office"
527;"u0u75190";49.7544;6.1099;"Restaurant"
528;"u0u67dn2";49.6253;6.1391;"Health & Beauty Service"
529;"u0u67dn2";49.6253;6.1391;"College Library"
530;"u0u67dn8";49.6253;6.1395;"Health & Beauty Service"
531;"u0u67dn8";49.6253;6.1395;"College Library"
532;"u0u679yr";49.6252;6.1391;"Health & Beauty Service"
533;"u0u67dn9";49.6255;6.1395;"College Library"
534;"u0u6k7kx";49.6334;6.1697;"Soup Place"
535;"u0u6k7kx";49.6334;6.1697;"Jewelry Store"
536;"u0u679yx";49.6252;6.1395;"Health & Beauty Service"
537;"u0u6k7s0";49.6336;6.169;"Corporate Cafeteria"
538;"u0u6k7s1";49.6337;6.169;"Corporate Cafeteria"
539;"u0u67dn3";49.6255;6.1391;"College Library"
540;"u0vugenv";50.0711;8.2492;"College Library"
541;"u0vugsk4";50.0775;8.2454;"Art Museum"
542;"u0ggfrtj";49.9201;5.3794;"Train Station"
543;"u151707s";50.8469;4.3556;"Notary"
544;"u151707t";50.847;4.3556;"Notary"
545;"u15159zr";50.8117;4.3827;"General College & University"
546;"u1515dph";50.8125;4.3823;"Fraternity House"
547;"u1515djy";50.8129;4.3806;"College Academic Building"
548;"u151707s";50.8469;4.3556;"Hotel Bar"
549;"u1516byq";50.85;4.3484;"Pizza Place"
550;"u151707m";50.847;4.3552;"Notary"
551;"u15170m2";50.8462;4.358;"Conference Room"
552;"u15159zw";50.8115;4.383;"University"
553;"u0u6k7km";49.6331;6.1693;"Clothing Store"
554;"u0u6k7eb";49.6336;6.1687;"Electronics Store"
555;"u0u6k7eb";49.6336;6.1687;"Corporate Cafeteria"
556;"u0u6k7ky";49.6332;6.17;"Jewelry Store"
557;"u0u6k7kt";49.6331;6.1697;"Dessert Shop"
558;"u0u6k7kn";49.6332;6.169;"Candy Store"
559;"u36rcwgn";53.4318;14.4843;"Playground"
560;"u36rcwfy";53.4318;14.4839;"Playground"
561;"u36rgr02";53.4321;14.5574;"Government Building"
562;"u36rgr0d";53.4324;14.5577;"Government Building"
563;"u36rgr09";53.4323;14.5577;"Government Building"
564;"u36rcwfv";53.4316;14.4839;"Playground"
565;"u36rgr03";53.4323;14.5574;"Government Building"
566;"u36rgr06";53.4324;14.5574;"Government Building"
567;"u36rgr01";53.4323;14.5571;"Government Building"
568;"u36rgr0e";53.4326;14.5577;"Government Building"
569;"u36rgr0m";53.433;14.5574;"Lounge"
570;"u36rgr0u";53.4328;14.5581;"Government Building"
571;"u36rgr08";53.4321;14.5577;"Government Building"
572;"u36rgr0y";53.4331;14.5581;"Shoe Store"
573;"u36rttb9";53.3815;14.6566;"Bank"
574;"u36rgr14";53.4324;14.5584;"Government Building"
575;"u36rgr0f";53.4324;14.5581;"Government Building"
576;"u36rcwgj";53.4316;14.4843;"Playground"
577;"u36rgr0x";53.4333;14.5577;"Shoe Store"
578;"u36rcwgq";53.4318;14.4846;"Playground"
579;"u36rgn74";53.4283;14.5502;"Salad Place"
580;"u3es2466";54.1974;16.1751;"Gas Station"
581;"u3d242jq";53.4386;14.5203;"Café"
582;"u3tjr5uv";54.3819;18.5956;"Hotel"
583;"u3tjr5uu";54.3817;18.5956;"Hotel"
584;"u3tjr5v7";54.3816;18.5963;"Bistro"
585;"u3tjr5u7";54.3816;18.5949;"Bistro"
586;"u3tjr5ut";54.3819;18.5952;"Hotel"
587;"u3tjreen";54.3807;18.6151;"Building"
588;"u3tjredu";54.3804;18.6148;"Government Building"
589;"u3tjreej";54.3805;18.6151;"Building"
590;"u3qcn18g";52.2159;21.0071;"Gas Station"
591;"u3qcn18e";52.2159;21.0067;"Gas Station"
592;"u3qcn18d";52.2157;21.0067;"Gas Station"
593;"u1517842";50.8448;4.3758;"Office"
594;"u151nemv";50.8196;4.5125;"Auto Dealership"
595;"u151nemv";50.8196;4.5125;"Skate Park"
596;"u151nemy";50.8198;4.5125;"none"
597;"u151nemt";50.8196;4.5121;"Auto Dealership"
598;"u151nemv";50.8196;4.5125;"none"
599;"u151nemy";50.8198;4.5125;"Auto Dealership"
600;"u151hnn0";50.8338;4.4029;"Doctor's Office"
601;"u151hjk9";50.8299;4.4009;"Residential Building (Apartment / Condo)"
602;"u151hqf2";50.838;4.4088;"Flower Shop"
603;"swbbh7zw";37.9905;23.7519;"Comedy Club"
604;"u2j5fbyf";45.6637;18.4115;"none"
605;"u2j5fcns";45.6655;18.4112;"none"
606;"u2j6fjrr";45.5135;18.7308;"none"
607;"u2j5enhk";45.649;18.4191;"Convenience Store"
608;"u2j5ep84";45.6569;18.4133;"Bus Station"
609;"u2j71jg3";45.5592;18.6814;"College Science Building"
610;"u2j5fcnu";45.6655;18.4115;"none"
611;"u2j5epsu";45.6572;18.4198;"Boutique"
612;"u2j71enw";45.5449;18.7078;"Pet Store"
613;"u2j71j0p";45.5561;18.6769;"Furniture / Home Store"
614;"u2j71n50";45.5604;18.6811;"Office"
615;"u2j5fbyc";45.6636;18.4115;"none"
616;"u2j6fjrp";45.5135;18.7305;"none"
617;"ud9wr29u";60.1647;24.9306;"Residential Building (Apartment / Condo)"
618;"u2j73205";45.5719;18.6879;"none"
